{
  "eval_loss": 0.7120949625968933,
  "eval_accuracy": 0.37037037037037035,
  "eval_runtime": 0.0361,
  "eval_samples_per_second": 747.085,
  "eval_steps_per_second": 27.67,
  "epoch": 4.0
}